,phrase,label,sentiment,subjectivity,language,count
DWD,DWD,MISC,-0.9366666666666663,0.13333333333333333,de,89
Lesen Sie jetzt „,Lesen Sie jetzt „,MISC,,,de,30
Deutschem Wetterdienst,Deutschem Wetterdienst,MISC,,,de,18
Frost,Frost,MISC,0.05384615384615384,0.0,de,18
Berliner,Berliner,MISC,,,de,12
Der Winter,Der Winter,MISC,,,de,12
deutschen,deutschen,MISC,,,de,12
Deutscher Wetterdienst,Deutscher Wetterdienst,MISC,,,de,10
Schweizer,Schweizer,MISC,,,de,10
Deutschen,Deutschen,MISC,,,de,9
Lesen Sie jetzt „Schnee,Lesen Sie jetzt „Schnee,MISC,,,de,8
Weihnachten,Weihnachten,MISC,,,de,8
Lesen Sie jetzt „Glättegefahr,Lesen Sie jetzt „Glättegefahr,MISC,,,de,7
Deutsche Wetterdienst,Deutsche Wetterdienst,MISC,-1.4,0.0,de,7
Deutsche Kopiere,Deutsche Kopiere,MISC,,,de,6
Nacht auf Sonntag,Nacht auf Sonntag,MISC,,,de,6
Deutscher,Deutscher,MISC,,,de,6
Tag,Tag,MISC,,,de,6
Weiße Weihnachten,Weiße Weihnachten,MISC,,,de,6
Nachts,Nachts,MISC,-3.0,0.0,de,6
Wechselhaftes Wetter,Wechselhaftes Wetter,MISC,,,de,6
Lesen Sie jetzt „Glätte,Lesen Sie jetzt „Glätte,MISC,,,de,6
Freizeit-Wintersport,Freizeit-Wintersport,MISC,,,de,6
Tages,Tages,MISC,,,de,5
Bodenfrost,Bodenfrost,MISC,,,de,5
S…,S…,MISC,-1.0499999999999998,0.0,de,5
E-Mail</li><li,E-Mail</li><li,MISC,,,de,4
Frost und Glätte,Frost und Glätte,MISC,,,de,4
Frühling am Tag,Frühling am Tag,MISC,,,de,4
Rekordhoch,Rekordhoch,MISC,,,de,4
Ausgerechnet,Ausgerechnet,MISC,,,de,4
Deutsche,Deutsche,MISC,,,de,4
Karlsruhe,Karlsruhe,MISC,,,de,4
Mehr</li><li,Mehr</li><li,MISC,,,de,4
Das Wetter in Deutschland,Das Wetter in Deutschland,MISC,,,de,4
Lesen Sie jetzt „Frost,Lesen Sie jetzt „Frost,MISC,,,de,4
Frost und Sonne,Frost und Sonne,MISC,,,de,4
Olympia-Tradition,Olympia-Tradition,MISC,,,de,4
britische,britische,MISC,,,de,4
Harry,Harry,MISC,,,de,4
Lesen Sie jetzt „Schneefall,Lesen Sie jetzt „Schneefall,MISC,,,de,4
Blitzeis,Blitzeis,MISC,0.3499999999999999,0.16666666666666666,de,4
Lesen Sie jetzt „Wetterdienst,Lesen Sie jetzt „Wetterdienst,MISC,,,de,3
Nordische Ski-WM,Nordische Ski-WM,MISC,,,de,3
Starker Schneefall,Starker Schneefall,MISC,,,de,3
Zweites Jahr,Zweites Jahr,MISC,,,de,3
Sonniges,Sonniges,MISC,,,de,3
Sturm und Unwetter,Sturm und Unwetter,MISC,,,de,3
deutsche,deutsche,MISC,,,de,3
Wer abends und am Morgen auf den Straßen,Wer abends und am Morgen auf den Straßen,MISC,,,de,3
Weltmeisterschaften,Weltmeisterschaften,MISC,,,de,3
WM-Gold,WM-Gold,MISC,,,de,3
Neue Gerüchte,Neue Gerüchte,MISC,,,de,3
Deutsche Wette,Deutsche Wette,MISC,,,de,3
Herabfallendes Eis,Herabfallendes Eis,MISC,,,de,3
Baustelle,Baustelle,MISC,,,de,3
Nacht zum Sonntag,Nacht zum Sonntag,MISC,,,de,3
Deutschen Wetterdienst,Deutschen Wetterdienst,MISC,,,de,3
WM,WM,MISC,,,de,3
Donnerstag Schneefall,Donnerstag Schneefall,MISC,,,de,3
KI,KI,MISC,,,de,3
Lesen Sie jetzt „Winterwetter,Lesen Sie jetzt „Winterwetter,MISC,,,de,3
Gesunde Wasservögel,Gesunde Wasservögel,MISC,,,de,3
Der Frühling,Der Frühling,MISC,,,de,3
Empfohlener redaktioneller Inhalt,Empfohlener redaktioneller Inhalt,MISC,,,de,3
Freistaats,Freistaats,MISC,-0.2333333333333333,0.0,de,3
Viren,Viren,MISC,,,de,3
Ski-WM,Ski-WM,MISC,,,de,3
Lesen Sie jetzt „Mehrere Glätteunfälle,Lesen Sie jetzt „Mehrere Glätteunfälle,MISC,,,de,2
Winternotprogramms,Winternotprogramms,MISC,0.0,0.0,de,2
Pannen-Notruf,Pannen-Notruf,MISC,,,de,2
Ski-Weltcup,Ski-Weltcup,MISC,,,de,2
Nachtfrost und Nässe,Nachtfrost und Nässe,MISC,,,de,2
Vereiste Straßen,Vereiste Straßen,MISC,,,de,2
Schneechaos,Schneechaos,MISC,,,de,2
Lesen Sie jetzt „Bus,Lesen Sie jetzt „Bus,MISC,,,de,2
Des Läufers nasskalte Füße,Des Läufers nasskalte Füße,MISC,,,de,2
Glatteis-Kollision,Glatteis-Kollision,MISC,,,de,2
Strenger Frost,Strenger Frost,MISC,,,de,2
Sonne am Tag und Frost,Sonne am Tag und Frost,MISC,,,de,2
Ein kleines Wunder im Schnee,Ein kleines Wunder im Schnee,MISC,,,de,2
Ineos,Ineos,MISC,,,de,2
Überall im Land,Überall im Land,MISC,,,de,2
So schön die weiße Pracht,So schön die weiße Pracht,MISC,,,de,2
Sprinterfahrer,Sprinterfahrer,MISC,,,de,2
Sturm und Glätte,Sturm und Glätte,MISC,,,de,2
Sonne am Tag,Sonne am Tag,MISC,,,de,2
Wetter und Frost,Wetter und Frost,MISC,,,de,2
Frost in der Nacht,Frost in der Nacht,MISC,,,de,2
Lesen Sie jetzt „Frost und Glätte,Lesen Sie jetzt „Frost und Glätte,MISC,,,de,2
Wiener,Wiener,MISC,,,de,2
BVG-Warnstreiks,BVG-Warnstreiks,MISC,,,de,2
E-Volvo,E-Volvo,MISC,,,de,2
D…,D…,MISC,0.0,0.0,de,2
God of War,God of War,MISC,,,de,2
japanische,japanische,MISC,,,de,2
Fernwandern,Fernwandern,MISC,,,de,2
Snowline,Snowline,MISC,,,de,2
hessischen,hessischen,MISC,,,de,2
Monats für Frost - alles,Monats für Frost - alles,MISC,,,de,2
Art on Snow - Kunstwerke aus Schnee und Eis,Art on Snow - Kunstwerke aus Schnee und Eis,MISC,,,de,2
Das Biest,Das Biest,MISC,,,de,2
Weltmeisterschaft,Weltmeisterschaft,MISC,,,de,2
Skifahrenden,Skifahrenden,MISC,,,de,2
Heckeinstieg,Heckeinstieg,MISC,,,de,2
Lesen Sie jetzt „Nebel,Lesen Sie jetzt „Nebel,MISC,,,de,2
Glatteis und frostige Nächte,Glatteis und frostige Nächte,MISC,,,de,2
Kalte Luftmassen kühlen,Kalte Luftmassen kühlen,MISC,,,de,2
Glatteis,Glatteis,MISC,0.04242424242424242,0.0,de,2
Lesen Sie jetzt „Ruhiges Wetter mit Frost,Lesen Sie jetzt „Ruhiges Wetter mit Frost,MISC,,,de,2
Rutschen,Rutschen,MISC,-0.18333333333333332,0.0,de,2
Das frostige Winterwetter,Das frostige Winterwetter,MISC,,,de,2
Lesen Sie jetzt „Sonne und Frost,Lesen Sie jetzt „Sonne und Frost,MISC,,,de,2
Loipen-Kilometer,Loipen-Kilometer,MISC,,,de,2
Deutschen We,Deutschen We,MISC,,,de,2
Vereiste Scheiben und Spiegel,Vereiste Scheiben und Spiegel,MISC,,,de,2
Der plötzliche Schneefall,Der plötzliche Schneefall,MISC,,,de,2
Nacht des bisherigen Winters,Nacht des bisherigen Winters,MISC,,,de,2
Frost und eisige Nächte,Frost und eisige Nächte,MISC,,,de,2
Die neue Woche,Die neue Woche,MISC,,,de,2
Berlinale,Berlinale,MISC,,,de,2
Glatteis-Unfall,Glatteis-Unfall,MISC,0.13999999999999999,0.0,de,2
Fünf-Minuten-Weg,Fünf-Minuten-Weg,MISC,,,de,2
Der Lebensraum des,Der Lebensraum des,MISC,,,de,2
Klimawandel</li><li,Klimawandel</li><li,MISC,,,de,2
Ein Linienbus,Ein Linienbus,MISC,,,de,2
Bomben-Zyklonen,Bomben-Zyklonen,MISC,,,de,2
Glatteis-Einsätze,Glatteis-Einsätze,MISC,,,de,2
Winter in Deutschland,Winter in Deutschland,MISC,,,de,2
Frostige Nächte,Frostige Nächte,MISC,,,de,2
Weihnachtswoche,Weihnachtswoche,MISC,,,de,2
Das große Chaos,Das große Chaos,MISC,,,de,2
Autofahrer am Sonntag,Autofahrer am Sonntag,MISC,,,de,2
Lesen Sie jetzt „Milder Wochenstart,Lesen Sie jetzt „Milder Wochenstart,MISC,,,de,2
Lesen Sie jetzt „Schnee und Glätte,Lesen Sie jetzt „Schnee und Glätte,MISC,,,de,2
Winterspiele,Winterspiele,MISC,,,de,2
Sturm,Sturm,MISC,,,de,2
"All Mountain""-Ski","All Mountain""-Ski",MISC,,,de,2
Tulpenangebot dieses Jahr,Tulpenangebot dieses Jahr,MISC,,,de,2
Wintersport-Alternativen,Wintersport-Alternativen,MISC,,,de,2
Hamburger,Hamburger,MISC,,,de,2
französischer,französischer,MISC,,,de,2
Schneefall und frostige Temperaturen,Schneefall und frostige Temperaturen,MISC,,,de,2
Das winterliche Wetter,Das winterliche Wetter,MISC,,,de,2
EQC,EQC,MISC,,,de,2
Lesen Sie jetzt „Schnee und Glatteis,Lesen Sie jetzt „Schnee und Glatteis,MISC,,,de,2
Link,Link,MISC,,,de,2
Nach klirrender Kälte,Nach klirrender Kälte,MISC,,,de,2
Nacht auf Samstag,Nacht auf Samstag,MISC,,,de,2
Nordischen Skiweltmeisterschaften,Nordischen Skiweltmeisterschaften,MISC,,,de,2
Lesen Sie jetzt „Obstbauern,Lesen Sie jetzt „Obstbauern,MISC,,,de,2
Norwegens Wunderläufer,Norwegens Wunderläufer,MISC,,,de,2
österreichische,österreichische,MISC,,,de,2
Ski-WM in Trondheim,Ski-WM in Trondheim,MISC,,,de,2
Deutschem Wetterdienst Kopiere,Deutschem Wetterdienst Kopiere,MISC,,,de,2
Alten,Alten,MISC,,,de,2
FOCUS-online-Autorin,FOCUS-online-Autorin,MISC,,,de,2
Strahlender Sonnenschein,Strahlender Sonnenschein,MISC,,,de,2
Hagrid,Hagrid,MISC,,,de,2
Snow-Volleyball,Snow-Volleyball,MISC,,,de,2
Fünf Jahre nach dem,Fünf Jahre nach dem,MISC,,,de,2
Die Medienveranstaltung,Die Medienveranstaltung,MISC,,,de,2
Lande-Kapazitäten,Lande-Kapazitäten,MISC,,,de,2
Vierschanzentournee,Vierschanzentournee,MISC,,,de,2
Lawinenunglück:,Lawinenunglück:,MISC,,,de,2
Lawinenunglück,Lawinenunglück,MISC,,,de,2
Autofahrer brauc…,Autofahrer brauc…,MISC,,,de,1
Frostiges Winterwetter,Frostiges Winterwetter,MISC,0.0,0.1111111111111111,de,1
Donnerstag Schnee,Donnerstag Schnee,MISC,,,de,1
Heftiger Schneefall über Nacht,Heftiger Schneefall über Nacht,MISC,,,de,1
Video - So bremsen Sie richtig bei Glätte,Video - So bremsen Sie richtig bei Glätte,MISC,,,de,1
Die Mitte der Woche,Die Mitte der Woche,MISC,,,de,1
BILD Infografik14.02.2025,BILD Infografik14.02.2025,MISC,,,de,1
Ein unbeständiger Mittwoch,Ein unbeständiger Mittwoch,MISC,,,de,1
Mittwochabend bis Donnerstagvormittag,Mittwochabend bis Donnerstagvormittag,MISC,,,de,1
Lesen Sie jetzt „Temperaturen unter 4 Grad,Lesen Sie jetzt „Temperaturen unter 4 Grad,MISC,,,de,1
Lesen Sie jetzt „Leichter Schneefall,Lesen Sie jetzt „Leichter Schneefall,MISC,,,de,1
Lesen Sie jetzt „Wolken,Lesen Sie jetzt „Wolken,MISC,,,de,1
Niederla…,Niederla…,MISC,,,de,1
Lesen Sie jetzt „Mehrere Unfälle nach,Lesen Sie jetzt „Mehrere Unfälle nach,MISC,,,de,1
Frostiges Wochenende,Frostiges Wochenende,MISC,,,de,1
Lesen Sie jetzt „Tief,Lesen Sie jetzt „Tief,MISC,,,de,1
Aufpass,Aufpass,MISC,,,de,1
Neue Woche,Neue Woche,MISC,,,de,1
Lesen Sie jetzt „Kleinere Verkehrsunfälle nach Schneefall in Norddeutschland,Lesen Sie jetzt „Kleinere Verkehrsunfälle nach Schneefall in Norddeutschland,MISC,,,de,1
Lesen Sie jetzt „Glätte und Schnee,Lesen Sie jetzt „Glätte und Schnee,MISC,,,de,1
Lesen Sie jetzt „Kalt,Lesen Sie jetzt „Kalt,MISC,,,de,1
Lesen Sie jetzt „Schnee- und Regenschauer,Lesen Sie jetzt „Schnee- und Regenschauer,MISC,,,de,1
Endlich Schnee!,Endlich Schnee!,MISC,,,de,1
So… [+764 chars,So… [+764 chars,MISC,,,de,1
Lesen Sie jetzt „Schneefall am Wochenende - Temperaturen,Lesen Sie jetzt „Schneefall am Wochenende - Temperaturen,MISC,,,de,1
Der Regen,Der Regen,MISC,,,de,1
Nächste Woche,Nächste Woche,MISC,,,de,1
Tag über st…,Tag über st…,MISC,,,de,1
Tag über st… [+854 chars,Tag über st… [+854 chars,MISC,,,de,1
niederösterreichischen,niederösterreichischen,MISC,,,de,1
Lesen Sie jetzt „Schwerverletzte bei Unfällen nach Schneefall auf A6,Lesen Sie jetzt „Schwerverletzte bei Unfällen nach Schneefall auf A6,MISC,,,de,1
Polize,Polize,MISC,,,de,1
BSR-Streik,BSR-Streik,MISC,,,de,1
Schnee au…,Schnee au…,MISC,,,de,1
Lesen Sie jetzt „Einige Unfälle wegen Schnee,Lesen Sie jetzt „Einige Unfälle wegen Schnee,MISC,,,de,1
Schneefa,Schneefa,MISC,,,de,1
Lesen Sie jetzt „Glätte und Wind,Lesen Sie jetzt „Glätte und Wind,MISC,,,de,1
Was d…,Was d…,MISC,,,de,1
Kalte Nächte,Kalte Nächte,MISC,,,de,1
Märchen,Märchen,MISC,,,de,1
japanischen,japanischen,MISC,,,de,1
Wunder aus Eis,Wunder aus Eis,MISC,,,de,1
alpinen Skiweltmeisterschaften,alpinen Skiweltmeisterschaften,MISC,,,de,1
Alpine Skiweltmeisterschaften,Alpine Skiweltmeisterschaften,MISC,,,de,1
Meteor,Meteor,MISC,,,de,1
Klassik Radio Selectstatt,Klassik Radio Selectstatt,MISC,,,de,1
Kaltlufteinbruch,Kaltlufteinbruch,MISC,,,de,1
WM in Rage,WM in Rage,MISC,,,de,1
Ski-Weltcup der Frauen,Ski-Weltcup der Frauen,MISC,,,de,1
Wetterdienst,Wetterdienst,MISC,-0.0875,0.0,de,1
Shiffrin,Shiffrin,MISC,,,de,1
Wann Geranien,Wann Geranien,MISC,,,de,1
Lesen Sie jetzt „Gefrierender Sprühregen,Lesen Sie jetzt „Gefrierender Sprühregen,MISC,,,de,1
Eine leichte Kaltfront,Eine leichte Kaltfront,MISC,,,de,1
Lesen Sie jetzt „Glatteisgefahr,Lesen Sie jetzt „Glatteisgefahr,MISC,,,de,1
Wechselhaftes Wetter - Aprilwetter,Wechselhaftes Wetter - Aprilwetter,MISC,,,de,1
Olympischen Spiel,Olympischen Spiel,MISC,,,de,1
Lesen Sie jetzt „Die Aussichten:,Lesen Sie jetzt „Die Aussichten:,MISC,,,de,1
Glatteis und frostige Nächte fü…,Glatteis und frostige Nächte fü…,MISC,,,de,1
Schneetreiben,Schneetreiben,MISC,,,de,1
Der Große Feldberg,Der Große Feldberg,MISC,,,de,1
Lesen Sie jetzt „Frost und Sonnenschein,Lesen Sie jetzt „Frost und Sonnenschein,MISC,,,de,1
Lesen Sie jetzt „Frost und Sonne,Lesen Sie jetzt „Frost und Sonne,MISC,,,de,1
Lesen Sie jetzt „Sonne,Lesen Sie jetzt „Sonne,MISC,,,de,1
Frost statt Frühling,Frost statt Frühling,MISC,,,de,1
niedersächsischen,niedersächsischen,MISC,,,de,1
Wer am Morgen,Wer am Morgen,MISC,,,de,1
Temperat,Temperat,MISC,,,de,1
Lesen Sie jetzt „Wetterdienst: Schneefall,Lesen Sie jetzt „Wetterdienst: Schneefall,MISC,,,de,1
Berliner Verkehrsbetri,Berliner Verkehrsbetri,MISC,,,de,1
Die frostigen Nächte,Die frostigen Nächte,MISC,,,de,1
Lesen Sie jetzt „Wetter,Lesen Sie jetzt „Wetter,MISC,,,de,1
Voriges Jahr mussten die Obstbauern,Voriges Jahr mussten die Obstbauern,MISC,,,de,1
Voriges Jahr,Voriges Jahr,MISC,,,de,1
alpinen Para-Ski-WM,alpinen Para-Ski-WM,MISC,,,de,1
Eines Weltvergleichs,Eines Weltvergleichs,MISC,,,de,1
Lesen Sie jetzt „Starker Frost,Lesen Sie jetzt „Starker Frost,MISC,,,de,1
Rekordschneefällen,Rekordschneefällen,MISC,,,de,1
Tag…,Tag…,MISC,,,de,1
Lesen Sie jetzt „Mehr Heidelbeeren,Lesen Sie jetzt „Mehr Heidelbeeren,MISC,,,de,1
Glatteis im Rems-Murr-Kreis - Auto,Glatteis im Rems-Murr-Kreis - Auto,MISC,,,de,1
Lesen Sie jetzt „Erneut glatte Straßen in,Lesen Sie jetzt „Erneut glatte Straßen in,MISC,,,de,1
Vormittag be…,Vormittag be…,MISC,,,de,1
Millionen Jahre alte Passage,Millionen Jahre alte Passage,MISC,,,de,1
Bew,Bew,MISC,,,de,1
Der Wintereinbruch mit Schnee,Der Wintereinbruch mit Schnee,MISC,,,de,1
Was mache ich,Was mache ich,MISC,,,de,1
"Lesen Sie jetzt „Minus 17,6 Grad","Lesen Sie jetzt „Minus 17,6 Grad",MISC,,,de,1
winterlich-kalter Tag,winterlich-kalter Tag,MISC,,,de,1
Lesen Sie jetzt „Sonnenschein und Frost,Lesen Sie jetzt „Sonnenschein und Frost,MISC,,,de,1
"Lesen Sie jetzt „Minus 19,7 Grad","Lesen Sie jetzt „Minus 19,7 Grad",MISC,,,de,1
Frostige Nacht,Frostige Nacht,MISC,,,de,1
Löschwasser-Glatteis,Löschwasser-Glatteis,MISC,,,de,1
Lesen Sie jetzt „Frostige Nächte,Lesen Sie jetzt „Frostige Nächte,MISC,,,de,1
Wettkampfs,Wettkampfs,MISC,,,de,1
Dominat…,Dominat…,MISC,,,de,1
Wenn Eis,Wenn Eis,MISC,,,de,1
nordischen Ski-Weltmeisterschaften,nordischen Ski-Weltmeisterschaften,MISC,,,de,1
Lesen Sie jetzt „Kaum Glätteunfälle,Lesen Sie jetzt „Kaum Glätteunfälle,MISC,,,de,1
FROsten,FROsten,MISC,,,de,1
Lesen Sie jetzt „Neue Woche,Lesen Sie jetzt „Neue Woche,MISC,,,de,1
Lesen Sie jetzt „Wetter in,Lesen Sie jetzt „Wetter in,MISC,,,de,1
norwegischen,norwegischen,MISC,,,de,1
Top Ten,Top Ten,MISC,,,de,1
nordischen Ski-WM,nordischen Ski-WM,MISC,,,de,1
Lesen Sie jetzt „Sonne am Tag und Frost,Lesen Sie jetzt „Sonne am Tag und Frost,MISC,,,de,1
Einzel-Goldmedaille,Einzel-Goldmedaille,MISC,,,de,1
Kein Wunder,Kein Wunder,MISC,,,de,1
20-Grad-Marke ran,20-Grad-Marke ran,MISC,,,de,1
Temperaturspanne,Temperaturspanne,MISC,,,de,1
Das Wetter,Das Wetter,MISC,,,de,1
Radcliffe-Welle,Radcliffe-Welle,MISC,0.0,0.0,de,1
Die Geburt von Eisbären-Babys,Die Geburt von Eisbären-Babys,MISC,,,de,1
Zeit,Zeit,MISC,,,de,1
Eisbären-Weibchen,Eisbären-Weibchen,MISC,,,de,1
Lesen Sie jetzt „Regen,Lesen Sie jetzt „Regen,MISC,,,de,1
Haitis Schneekönigin,Haitis Schneekönigin,MISC,,,de,1
indischen,indischen,MISC,,,de,1
Ostermontag,Ostermontag,MISC,,,de,1
Ostern,Ostern,MISC,,,de,1
Olympia 2022,Olympia 2022,MISC,,,de,1
Plus - Sale,Plus - Sale,MISC,,,de,1
Lesen Sie jetzt „Jecken,Lesen Sie jetzt „Jecken,MISC,,,de,1
Steiler Temperaturanstieg,Steiler Temperaturanstieg,MISC,,,de,1
türkischen,türkischen,MISC,,,de,1
Wochene,Wochene,MISC,,,de,1
Der Winter mit…,Der Winter mit…,MISC,,,de,1
Bundestagswahl,Bundestagswahl,MISC,,,de,1
Wettervorhersage für Steam,Wettervorhersage für Steam,MISC,,,de,1
Rekord-Rabatt,Rekord-Rabatt,MISC,,,de,1
Steam,Steam,MISC,,,de,1
Rallye-WM-Pilot,Rallye-WM-Pilot,MISC,,,de,1
Toyota GR Yaris,Toyota GR Yaris,MISC,,,de,1
Nacht vo…,Nacht vo…,MISC,,,de,1
Schlangenlinien,Schlangenlinien,MISC,,,de,1
Straßenb,Straßenb,MISC,,,de,1
Freude der Liftbetreiber,Freude der Liftbetreiber,MISC,,,de,1
Lesen Sie jetzt „Weißer Zauber,Lesen Sie jetzt „Weißer Zauber,MISC,,,de,1
ZEIT am Wochenende,ZEIT am Wochenende,MISC,,,de,1
Lesen Sie jetzt „Weniger Frostschäden,Lesen Sie jetzt „Weniger Frostschäden,MISC,,,de,1
Ausflugswetter,Ausflugswetter,MISC,,,de,1
Norwegens Langlauf-Star T…,Norwegens Langlauf-Star T…,MISC,,,de,1
Unser Personal,Unser Personal,MISC,,,de,1
Eisglätte,Eisglätte,MISC,-0.7,0.0,de,1
Ein Autofahrer verunglückt,Ein Autofahrer verunglückt,MISC,,,de,1
Browser,Browser,MISC,,,de,1
Lesen Sie jetzt „Frostschutz,Lesen Sie jetzt „Frostschutz,MISC,,,de,1
Platzsperren,Platzsperren,MISC,,,de,1
vergangenen Jahr,vergangenen Jahr,MISC,,,de,1
Paris-Nizza,Paris-Nizza,MISC,,,de,1
Der Harz,Der Harz,MISC,,,de,1
Blick auf Wetterbericht,Blick auf Wetterbericht,MISC,,,de,1
Valentinstags,Valentinstags,MISC,,,de,1
Frühlings,Frühlings,MISC,,,de,1
Lesen Sie jetzt „Verkehrsunfälle bei Schnee und Eis,Lesen Sie jetzt „Verkehrsunfälle bei Schnee und Eis,MISC,,,de,1
JavaScript,JavaScript,MISC,,,de,1
Adblocker,Adblocker,MISC,,,de,1
Nordischen Ski-WM,Nordischen Ski-WM,MISC,,,de,1
Lesen Sie jetzt „Glätte und Neuschnee,Lesen Sie jetzt „Glätte und Neuschnee,MISC,,,de,1
Lesen Sie jetzt „Diakonie,Lesen Sie jetzt „Diakonie,MISC,,,de,1
Frost und Schnee,Frost und Schnee,MISC,,,de,1
Sonniges Winterwetter,Sonniges Winterwetter,MISC,,,de,1
Fußballeuropameisterschaft der Frauen im Jahr 2029.Das,Fußballeuropameisterschaft der Frauen im Jahr 2029.Das,MISC,,,de,1
Euro,Euro,MISC,,,de,1
Attentat in Hanau +++ Frost,Attentat in Hanau +++ Frost,MISC,,,de,1
Lesen Sie jetzt „Glätte und winterliches Wetter,Lesen Sie jetzt „Glätte und winterliches Wetter,MISC,,,de,1
Österreichische,Österreichische,MISC,,,de,1
Elektroauto-Härtetest am Polarkreis,Elektroauto-Härtetest am Polarkreis,MISC,,,de,1
Tiefschnee-Fans,Tiefschnee-Fans,MISC,,,de,1
Lesen Sie jetzt „Es kann frostig,Lesen Sie jetzt „Es kann frostig,MISC,,,de,1
Lawinenbulletin,Lawinenbulletin,MISC,,,de,1
Lawinenwarner,Lawinenwarner,MISC,,,de,1
Lesen Sie jetzt „Erst frostige Nächte,Lesen Sie jetzt „Erst frostige Nächte,MISC,,,de,1
Wintergefühl,Wintergefühl,MISC,,,de,1
Die kalten Temperaturen,Die kalten Temperaturen,MISC,,,de,1
Lesen Sie jetzt „Skifahrer und Rodler,Lesen Sie jetzt „Skifahrer und Rodler,MISC,,,de,1
Lesen Sie jetzt „Zahlreiche Glätteunfälle,Lesen Sie jetzt „Zahlreiche Glätteunfälle,MISC,,,de,1
90 Jahre alte Hütte,90 Jahre alte Hütte,MISC,,,de,1
Bayerische Liftbetreiber,Bayerische Liftbetreiber,MISC,,,de,1
Zeugen des Infernos,Zeugen des Infernos,MISC,,,de,1
Lesen Sie jetzt „Wochenende,Lesen Sie jetzt „Wochenende,MISC,,,de,1
Lesen Sie jetzt „Kaltfront,Lesen Sie jetzt „Kaltfront,MISC,,,de,1
Verschneites Wetter,Verschneites Wetter,MISC,,,de,1
Lesen Sie jetzt „Glatteis in Hessen,Lesen Sie jetzt „Glatteis in Hessen,MISC,,,de,1
E-Scoot,E-Scoot,MISC,,,de,1
Lesen Sie jetzt „Unfälle wegen Glatteis,Lesen Sie jetzt „Unfälle wegen Glatteis,MISC,,,de,1
Lesen Sie jetzt „Schneefall und Glättegefahr,Lesen Sie jetzt „Schneefall und Glättegefahr,MISC,,,de,1
Der Winter ke…,Der Winter ke…,MISC,,,de,1
Björ… 30 Grad Temperatur-Unterschied,Björ… 30 Grad Temperatur-Unterschied,MISC,,,de,1
Schnee und Blitzeis,Schnee und Blitzeis,MISC,,,de,1
Lesen Sie jetzt „Wind,Lesen Sie jetzt „Wind,MISC,,,de,1
Charming Ice and Snow,Charming Ice and Snow,MISC,0.0,0.0,de,1
Erleben Sie den Zauber von Eis,Erleben Sie den Zauber von Eis,MISC,,,de,1
Ein heftiger Wintersturm,Ein heftiger Wintersturm,MISC,,,de,1
Jännerralley,Jännerralley,MISC,,,de,1
Sonntagnachmittag,Sonntagnachmittag,MISC,,,de,1
Wetter-Entwicklungen im,Wetter-Entwicklungen im,MISC,,,de,1
In der Nacht,In der Nacht,MISC,,,de,1
Die Warnungen,Die Warnungen,MISC,,,de,1
N…,N…,MISC,,,de,1
Bei glatter Straße,Bei glatter Straße,MISC,,,de,1
Die Wetterlage,Die Wetterlage,MISC,,,de,1
Lesen Sie jetzt „Schnee und Eis,Lesen Sie jetzt „Schnee und Eis,MISC,,,de,1
Lesen Sie jetzt „Warnung vor Glatteis,Lesen Sie jetzt „Warnung vor Glatteis,MISC,,,de,1
Lesen Sie jetzt „An Unfallstelle:,Lesen Sie jetzt „An Unfallstelle:,MISC,,,de,1
Lesen Sie jetzt „Kleintransporter,Lesen Sie jetzt „Kleintransporter,MISC,,,de,1
Lesen Sie jetzt „Vorsicht auf Sachsens Straßen,Lesen Sie jetzt „Vorsicht auf Sachsens Straßen,MISC,,,de,1
Lesen Sie jetzt „Glätte und Frost,Lesen Sie jetzt „Glätte und Frost,MISC,,,de,1
Lesen Sie jetzt „Glatteis,Lesen Sie jetzt „Glatteis,MISC,,,de,1
Wetter-Entwicklung,Wetter-Entwicklung,MISC,,,de,1
Schnee-Walze,Schnee-Walze,MISC,0.0,0.0,de,1
Neuschnee und Kälte,Neuschnee und Kälte,MISC,,,de,1
Mittwochabend innerhalb kurzer Zeit,Mittwochabend innerhalb kurzer Zeit,MISC,,,de,1
Lesen Sie jetzt „Weiter Glättegefahr,Lesen Sie jetzt „Weiter Glättegefahr,MISC,,,de,1
Der Freitag,Der Freitag,MISC,,,de,1
Lesen Sie jetzt „Fünf Unfälle auf der,Lesen Sie jetzt „Fünf Unfälle auf der,MISC,,,de,1
optim…,optim…,MISC,,,de,1
Schlitter-Stau-Fahrt,Schlitter-Stau-Fahrt,MISC,,,de,1
Frost-Sonntag,Frost-Sonntag,MISC,,,de,1
Mittwochabend auf der Landstraße,Mittwochabend auf der Landstraße,MISC,,,de,1
Lesen Sie jetzt „Glätteunfall,Lesen Sie jetzt „Glätteunfall,MISC,,,de,1
Lesen Sie jetzt „Wintereinbruch,Lesen Sie jetzt „Wintereinbruch,MISC,,,de,1
T…,T…,MISC,,,de,1
Echtes Winterwetter,Echtes Winterwetter,MISC,,,de,1
Winterwetter am Donnerstag,Winterwetter am Donnerstag,MISC,,,de,1
Lesen Sie jetzt „Vier Leichtverletzte bei Glätte-Unfällen,Lesen Sie jetzt „Vier Leichtverletzte bei Glätte-Unfällen,MISC,,,de,1
Heftiger Schneefall,Heftiger Schneefall,MISC,,,de,1
Mittwochabend Kopiere,Mittwochabend Kopiere,MISC,,,de,1
Nacht i…,Nacht i…,MISC,,,de,1
Bei Eis und Schnee,Bei Eis und Schnee,MISC,,,de,1
Poliz…,Poliz…,MISC,,,de,1
Lesen Sie jetzt „Mehrere Unfälle wegen Schnee,Lesen Sie jetzt „Mehrere Unfälle wegen Schnee,MISC,,,de,1
Tag mit Winterwetter,Tag mit Winterwetter,MISC,,,de,1
Zoo-Gehege,Zoo-Gehege,MISC,,,de,1
Gossau - Zwei Panda-Damen,Gossau - Zwei Panda-Damen,MISC,,,de,1
Lesen Sie jetzt „Autofahrerin,Lesen Sie jetzt „Autofahrerin,MISC,,,de,1
Deutsch,Deutsch,MISC,,,de,1
Comeback des Winterwetters,Comeback des Winterwetters,MISC,,,de,1
Lesen Sie jetzt „Graupel,Lesen Sie jetzt „Graupel,MISC,,,de,1
Lesen Sie jetzt „Innenministerium,Lesen Sie jetzt „Innenministerium,MISC,,,de,1
Deutschen Kopiere,Deutschen Kopiere,MISC,,,de,1
Chaos durch gefrierenden Regen,Chaos durch gefrierenden Regen,MISC,,,de,1
DWD-Meteorologen,DWD-Meteorologen,MISC,,,de,1
Das neue Jahr 2025,Das neue Jahr 2025,MISC,,,de,1
deutsches,deutsches,MISC,,,de,1
Lesen Sie jetzt „Frostiger Start,Lesen Sie jetzt „Frostiger Start,MISC,,,de,1
Frostiges Wetter,Frostiges Wetter,MISC,0.0,0.0,de,1
Ein Auto,Ein Auto,MISC,,,de,1
Fünf junge Leute,Fünf junge Leute,MISC,,,de,1
bayerischen,bayerischen,MISC,,,de,1
Pessim,Pessim,MISC,,,de,1
Lesen Sie jetzt „Zu schnell bei Glätte – Autofahrerin,Lesen Sie jetzt „Zu schnell bei Glätte – Autofahrerin,MISC,,,de,1
Ein Räumfahrzeug,Ein Räumfahrzeug,MISC,,,de,1
Der große Schnee,Der große Schnee,MISC,,,de,1
So schützen Sie Ihr Haus und Auto,So schützen Sie Ihr Haus und Auto,MISC,,,de,1
Lesen Sie jetzt „Glatteis auf Bayerns Straßen,Lesen Sie jetzt „Glatteis auf Bayerns Straßen,MISC,,,de,1
Lesen Sie jetzt „Fraport,Lesen Sie jetzt „Fraport,MISC,,,de,1
Nass-trübe Weihnachten,Nass-trübe Weihnachten,MISC,,,de,1
Leise rieselt der Schnee,Leise rieselt der Schnee,MISC,,,de,1
Fo…,Fo…,MISC,,,de,1
Lesen Sie jetzt „Streifenwagen,Lesen Sie jetzt „Streifenwagen,MISC,,,de,1
Deutsche W…,Deutsche W…,MISC,,,de,1
Blondes Doppel im,Blondes Doppel im,MISC,,,de,1
Lesen Sie jetzt „Leise rieselt der Schnee,Lesen Sie jetzt „Leise rieselt der Schnee,MISC,,,de,1
Der Traum von der weißen Weihnacht,Der Traum von der weißen Weihnacht,MISC,,,de,1
Schnee an Heiligabend,Schnee an Heiligabend,MISC,,,de,1
nordkoreanischer,nordkoreanischer,MISC,,,de,1
Ukraine-Krieg,Ukraine-Krieg,MISC,,,de,1
ukrainischer,ukrainischer,MISC,,,de,1
Autofahrer Tipps,Autofahrer Tipps,MISC,,,de,1
ostdeutscher,ostdeutscher,MISC,,,de,1
Wetter im Ticker - Schnee,Wetter im Ticker - Schnee,MISC,,,de,1
X,X,MISC,,,de,1
Lesen Sie jetzt „Kleineres Hochwasser im Saarland,Lesen Sie jetzt „Kleineres Hochwasser im Saarland,MISC,,,de,1
Lesen Sie jetzt „Schnee und Frost,Lesen Sie jetzt „Schnee und Frost,MISC,,,de,1
Glatteisgefahr,Glatteisgefahr,MISC,0.0,0.0,de,1
Lesen Sie jetzt „Warmfront,Lesen Sie jetzt „Warmfront,MISC,,,de,1
Deutschen Wetter,Deutschen Wetter,MISC,,,de,1
Nacht zu Sonntag,Nacht zu Sonntag,MISC,,,de,1
Jahr für Jahr vor den typischen Herausforderungen,Jahr für Jahr vor den typischen Herausforderungen,MISC,,,de,1
Höch,Höch,MISC,,,de,1
Deuts…,Deuts…,MISC,,,de,1
Lesen Sie jetzt „Glätte in ganz Deutschland,Lesen Sie jetzt „Glätte in ganz Deutschland,MISC,,,de,1
Glätte-Unfälle,Glätte-Unfälle,MISC,,,de,1
Lesen Sie jetzt „Zahlreiche Unfälle nach Schneefall,Lesen Sie jetzt „Zahlreiche Unfälle nach Schneefall,MISC,,,de,1
Der einsetzende Schneefall und Glätte,Der einsetzende Schneefall und Glätte,MISC,,,de,1
stern+statt,stern+statt,MISC,,,de,1
Stern plusZugang,Stern plusZugang,MISC,,,de,1
Vereiste Fahrbahnen,Vereiste Fahrbahnen,MISC,,,de,1
Montag sol…,Montag sol…,MISC,,,de,1
Sonntagvormittag Obacht,Sonntagvormittag Obacht,MISC,,,de,1
Lesen Sie jetzt „Dicker Eispanzer,Lesen Sie jetzt „Dicker Eispanzer,MISC,,,de,1
Wetter am Wochenende,Wetter am Wochenende,MISC,,,de,1
Das Wetter in Sachsen,Das Wetter in Sachsen,MISC,,,de,1
Schicksalsberg der Deutschen,Schicksalsberg der Deutschen,MISC,,,de,1
Lesen Sie jetzt „Schneeschauer,Lesen Sie jetzt „Schneeschauer,MISC,,,de,1
Deutscher Wetterdienst: Schneeschauer,Deutscher Wetterdienst: Schneeschauer,MISC,,,de,1
oberfränkische,oberfränkische,MISC,,,de,1
Lesen Sie jetzt „Schnee und Kälte,Lesen Sie jetzt „Schnee und Kälte,MISC,,,de,1
Gefahr,Gefahr,MISC,,,de,1
Aut…,Aut…,MISC,,,de,1
Extreme Kältewelle,Extreme Kältewelle,MISC,,,de,1
Lesen Sie jetzt „Glätte und Regen am Donnerstag,Lesen Sie jetzt „Glätte und Regen am Donnerstag,MISC,,,de,1
Eisregen z…,Eisregen z…,MISC,,,de,1
sächsischen,sächsischen,MISC,,,de,1
Lesen Sie jetzt „Glättewarnung,Lesen Sie jetzt „Glättewarnung,MISC,,,de,1
Universal Language,Universal Language,MISC,,,de,1
Bei eisiger Kälte,Bei eisiger Kälte,MISC,,,de,1
Lesen Sie jetzt „Nur wenig Glatteis,Lesen Sie jetzt „Nur wenig Glatteis,MISC,,,de,1
Lesen Sie jetzt „Meteorologen sagen Glätte,Lesen Sie jetzt „Meteorologen sagen Glätte,MISC,,,de,1
Lesen Sie jetzt „Glatteis und Nebel,Lesen Sie jetzt „Glatteis und Nebel,MISC,,,de,1
Gr,Gr,MISC,,,de,1
Die Wetterextreme,Die Wetterextreme,MISC,,,de,1
Yukigassen-Meisterschaften,Yukigassen-Meisterschaften,MISC,,,de,1
Emotionaler Moment,Emotionaler Moment,MISC,,,de,1
Langlaufgebieten,Langlaufgebieten,MISC,,,de,1
Unterkühlte Stimmung,Unterkühlte Stimmung,MISC,,,de,1
Ski-Star,Ski-Star,MISC,,,de,1
ARD-Experte,ARD-Experte,MISC,,,de,1
heiter u…,heiter u…,MISC,,,de,1
Tag in der Hauptstadtregion,Tag in der Hauptstadtregion,MISC,,,de,1
Lesen Sie jetzt „Sonnige Tage und frostige Nächte,Lesen Sie jetzt „Sonnige Tage und frostige Nächte,MISC,,,de,1
Nebelfelder i…,Nebelfelder i…,MISC,,,de,1
Lesen Sie jetzt „Trübes Wetter,Lesen Sie jetzt „Trübes Wetter,MISC,,,de,1
Fatbikes,Fatbikes,MISC,,,de,1
bayrischer,bayrischer,MISC,,,de,1
Eisiger Fahrtwind,Eisiger Fahrtwind,MISC,,,de,1
Alexand,Alexand,MISC,,,de,1
R…,R…,MISC,,,de,1
Loipengenuss,Loipengenuss,MISC,,,de,1
Cool Running,Cool Running,MISC,,,de,1
Die nächsten Tage,Die nächsten Tage,MISC,,,de,1
Lesen Sie jetzt „Nebel und Glätte,Lesen Sie jetzt „Nebel und Glätte,MISC,,,de,1
"Lesen Sie jetzt „Kälte, Frost","Lesen Sie jetzt „Kälte, Frost",MISC,,,de,1
Lesen Sie jetzt „Sonnig,Lesen Sie jetzt „Sonnig,MISC,,,de,1
Die Woche,Die Woche,MISC,,,de,1
Schnurrbart und Skioverall,Schnurrbart und Skioverall,MISC,,,de,1
Fakt,Fakt,MISC,,,de,1
Winterfit,Winterfit,MISC,,,de,1
Höchste Zeit,Höchste Zeit,MISC,,,de,1
Lesen Sie jetzt „Angebot,Lesen Sie jetzt „Angebot,MISC,,,de,1
Schneema…,Schneema…,MISC,,,de,1
Im Skiurlaub,Im Skiurlaub,MISC,,,de,1
NRW-Wochenende,NRW-Wochenende,MISC,,,de,1
Monatsbilanz,Monatsbilanz,MISC,,,de,1
Skifahren,Skifahren,MISC,0.0,0.0,de,1
Der richtige Winter,Der richtige Winter,MISC,,,de,1
Lesen Sie jetzt „Trotz vieler Frosttage,Lesen Sie jetzt „Trotz vieler Frosttage,MISC,,,de,1
Schneeketten und Spikes,Schneeketten und Spikes,MISC,,,de,1
Die größte Freude,Die größte Freude,MISC,,,de,1
Pauschalvertrag,Pauschalvertrag,MISC,,,de,1
baden-württembergischen,baden-württembergischen,MISC,,,de,1
Lesen Sie jetzt „Kretschmann,Lesen Sie jetzt „Kretschmann,MISC,,,de,1
altägyptischen,altägyptischen,MISC,,,de,1
ägyptische,ägyptische,MISC,,,de,1
Lesen Sie jetzt „Regen und Glättegefahr,Lesen Sie jetzt „Regen und Glättegefahr,MISC,,,de,1
Ski Twist,Ski Twist,MISC,,,de,1
Weltcupsieger,Weltcupsieger,MISC,,,de,1
Trockenes Winterwetter,Trockenes Winterwetter,MISC,,,de,1
Hunderte Verkehrsunfälle,Hunderte Verkehrsunfälle,MISC,,,de,1
Wo Autofahrer,Wo Autofahrer,MISC,,,de,1
Zogen,Zogen,MISC,,,de,1
italienischen,italienischen,MISC,,,de,1
Porsche 911 Dakar,Porsche 911 Dakar,MISC,,,de,1
911 Dakar,911 Dakar,MISC,,,de,1
Nervt am Morgen - Was,Nervt am Morgen - Was,MISC,,,de,1
Nacht von Samstag,Nacht von Samstag,MISC,,,de,1
Streufahrzug,Streufahrzug,MISC,,,de,1
Wintersport-Fans,Wintersport-Fans,MISC,0.0,0.0,de,1
Lesen Sie jetzt „Bis 60 Zentimeter Schnee - Run,Lesen Sie jetzt „Bis 60 Zentimeter Schnee - Run,MISC,,,de,1
Ein Traum in Weiß!,Ein Traum in Weiß!,MISC,,,de,1
Glätteunfal,Glätteunfal,MISC,,,de,1
Samstagnachmittag,Samstagnachmittag,MISC,,,de,1
Slalom-Weltcup,Slalom-Weltcup,MISC,,,de,1
Lesen Sie jetzt „Ruhiges Winterwetter - nachts Dauerfrost,Lesen Sie jetzt „Ruhiges Winterwetter - nachts Dauerfrost,MISC,,,de,1
Glatte Straßen,Glatte Straßen,MISC,0.027999999999999997,0.0,de,1
"Lesen Sie jetzt „Frost, Sonne und Wolken","Lesen Sie jetzt „Frost, Sonne und Wolken",MISC,,,de,1
"Lesen Sie jetzt „Hoch ""Beate","Lesen Sie jetzt „Hoch ""Beate",MISC,,,de,1
Die Kälte,Die Kälte,MISC,,,de,1
Dauerfrost am Wochenende - Schock-Kälte,Dauerfrost am Wochenende - Schock-Kälte,MISC,,,de,1
Die kalte Jahreszeit,Die kalte Jahreszeit,MISC,,,de,1
Herabfallende Eiszapfen,Herabfallende Eiszapfen,MISC,,,de,1
Land Rover,Land Rover,MISC,,,de,1
Sa…,Sa…,MISC,,,de,1
Lesen Sie jetzt „Viele Unfälle wegen Schnee,Lesen Sie jetzt „Viele Unfälle wegen Schnee,MISC,,,de,1
Z…,Z…,MISC,,,de,1
Pisten-und Preisvergleich,Pisten-und Preisvergleich,MISC,,,de,1
Endlich Neuschnee!,Endlich Neuschnee!,MISC,,,de,1
Tou…,Tou…,MISC,,,de,1
Lesen Sie jetzt „Nach Frost und Glatteis,Lesen Sie jetzt „Nach Frost und Glatteis,MISC,,,de,1
Lesen Sie jetzt „Frostiger Wochenstart,Lesen Sie jetzt „Frostiger Wochenstart,MISC,,,de,1
Morgen kommt gefährliches Wetter-Phänomen,Morgen kommt gefährliches Wetter-Phänomen,MISC,,,de,1
Schweizer S-charltal,Schweizer S-charltal,MISC,,,de,1
Leitstelle,Leitstelle,MISC,,,de,1
Lesen Sie jetzt „Wegen Glatteis:,Lesen Sie jetzt „Wegen Glatteis:,MISC,,,de,1
We…,We…,MISC,,,de,1
Wer am Morgen aus dem Haus,Wer am Morgen aus dem Haus,MISC,,,de,1
Lesen Sie jetzt „Rettungsdienst,Lesen Sie jetzt „Rettungsdienst,MISC,,,de,1
K3284,K3284,MISC,,,de,1
Hunderte Unfälle,Hunderte Unfälle,MISC,,,de,1
Der Winter…,Der Winter…,MISC,,,de,1
Videos,Videos,MISC,,,de,1
BILD-Liveticker,BILD-Liveticker,MISC,,,de,1
Auf eisgla…,Auf eisgla…,MISC,,,de,1
Glatteis-Unfälle,Glatteis-Unfälle,MISC,,,de,1
Lesen Sie jetzt „Auch heute drohen wieder glatte Straßen,Lesen Sie jetzt „Auch heute drohen wieder glatte Straßen,MISC,,,de,1
Höchste Vorsicht,Höchste Vorsicht,MISC,,,de,1
Deutschland morgen rutscht,Deutschland morgen rutscht,MISC,,,de,1
Mann will Fotos,Mann will Fotos,MISC,,,de,1
Lesen Sie jetzt „Nach Frost,Lesen Sie jetzt „Nach Frost,MISC,,,de,1
C,C,MISC,,,de,1
Glatteis Vorsicht,Glatteis Vorsicht,MISC,,,de,1
Kälteste Nacht des Winters,Kälteste Nacht des Winters,MISC,,,de,1
Erst Frost,Erst Frost,MISC,,,de,1
Wetter-Umschwung -,Wetter-Umschwung -,MISC,,,de,1
Der Frost,Der Frost,MISC,,,de,1
Di…,Di…,MISC,,,de,1
"Harry Potter""-Buchreihe","Harry Potter""-Buchreihe",MISC,,,de,1
